variable,mean.recent,mean.early
health 12 month,0.14982593,0.085892294
fp worker,0.24800771,0.167510222
fp radio,0.24073179,0.337371134
fp tv,0.18097789,0.181519556
